{
    "$schema": "http://schema.management.azure.com/schemas/2015-01-01/deploymentTemplate.json#",
    "contentVersion": "1.0.0.0",
    "parameters": {
        "storageAccountName": {
            "type": "String",
            "metadata": {
                "description": "Specifies the name of the Azure Storage account."
            }
        },
        "containerName": {
            "defaultValue": "logs",
            "type": "String",
            "metadata": {
                "description": "Specifies the name of the blob container."
            }
        },
        "location": {
            "defaultValue": "[resourceGroup().location]",
            "type": "String",
            "metadata": {
                "description": "Specifies the location in which the Azure Storage resources should be deployed."
            }
        },
        "virtualNetworkName": {
            "type": "String"
        }
    },
    "resources": [
        {
            "type": "Microsoft.Storage/storageAccounts",
            "apiVersion": "2021-09-01",
            "name": "[parameters('storageAccountName')]",
            "location": "[parameters('location')]",
            "sku": {
                "name": "Standard_LRS",
                "tier": "Standard"
            },
            "kind": "StorageV2",
            "properties": {
                "accessTier": "Hot"
            },
            "resources": [
                {
                    "type": "blobServices/containers",
                    "apiVersion": "2021-09-01",
                    "name": "[concat('default/', parameters('containerName'))]",
                    "dependsOn": [
                        "[parameters('storageAccountName')]"
                    ]
                }
            ]
        },
        {
            "type": "Microsoft.Network/VirtualNetworks",
            "apiVersion": "2021-01-01",
            "name": "[parameters('virtualNetworkName')]",
            "location": "[parameters('location')]",
            "dependsOn": [
                "[parameters('storageAccountName')]"
            ],
            "properties": {
                "addressSpace": {
                    "addressPrefixes": [
                        "20.1.0.0/16"
                    ]
                },
                "subnets": [
                    {
                        "name": "default",
                        "properties": {
                            "addressPrefix": "20.1.0.0/24"
                        }
                    }
                ]
            }
        }
    ]
}