{
    "$schema": "http://schema.management.azure.com/schemas/2015-01-01/deploymentTemplate.json#",
    "contentVersion": "1.0.0.0",
    "parameters": {
    },
    "resources": [
        {
            "type": "Microsoft.Network/VirtualNetworks",
            "apiVersion": "2021-01-01",
            "name": "ht-vnet-jenkins",
            "location": "East US",
            "properties": {
                "addressSpace": {
                    "addressPrefixes": [
                        "10.1.0.0/16"
                    ]
                },
                "subnets": [
                    {
                        "name": "default",
                        "properties": {
                            "addressPrefix": "10.1.0.0/24"
                        }
                    }
                ]
			}
        }
    ]
}