{
  "$schema": "https://schema.management.azure.com/schemas/2019-04-01/deploymentTemplate.json#",
  "contentVersion": "1.0.0.0",
  "parameters": {
    "storageAccountName": {
      "type": "string",
      "metadata": {
        "description": "Specifies the name of the Azure Storage account."
      }
    },
    "containerName": {
      "type": "string",
      "defaultValue": "logs",
      "metadata": {
        "description": "Specifies the name of the blob container."
      }
    },
    "location": {
      "type": "string",
      "defaultValue": "[resourceGroup().location]",
      "metadata": {
        "description": "Specifies the location in which the Azure Storage resources should be deployed."
      }
    }
  },
  "resources": [
    {
      "type": "Microsoft.Storage/storageAccounts",
      "apiVersion": "2021-09-01",
      "name": "[parameters('storageAccountName')]",
      "location": "[parameters('location')]",
      "sku": {
        "name": "Standard_LRS",
        "tier": "Standard"
      },
      "kind": "StorageV2",
      "properties": {
        "accessTier": "Hot"
      },
      "resources": [
        {
          "type": "blobServices/containers",
          "apiVersion": "2021-09-01",
          "name": "[concat('default/', parameters('containerName'))]",
          "dependsOn": [
            "[parameters('storageAccountName')]"
          ]
        }
      ]
    }
  ]
}